title,content,subject
Math Homework- word problems,Answer questions 15 thru 39various types of word problems,Homework Answsers
Math Help,Please see the attached assignments for Math 154. The assignments are PDF's. There are 8 PDF's with question ranging from 10-16 questions per PDF. Would like the answers shown in a word document.,Homework Answsers
MAT 144 Major Assignment 2,"Answer directly on the worksheet. 

This  assignment uses a scoring guide. Review the scoring guide on the last  tab of the spreadsheet prior to beginning the assignment to become  familiar with the expectations for successful completion.
Please note that the Confidence Interval Explanation document is provided for reference and assistance with Major Assignment 2.",Homework Answsers
Stastics exam,I need someone who's availble on thursday from 9:30 am to 10:45 am west cost time to do an exam. And is willing to use whatsapp for communication.  Check the atachments for the exams materials.,Homework Answsers
Homework  chapter 8,homework_chapter_8.docx,Homework Answsers
There are 25 students in Mrs. Y's eight-grade class.,"Find the probability to a,b,c,d,e must show worksee attachement for question",Homework Answsers
STAT 200 HW & Quiz,Homework consist of 8 questions and quiz is 7.Need these assignments by 2 pm Sunday.,Homework Answsers
"Graded Assignment

Unit Test, Part 2: Basic Tools and Transformations

Answer the questions below. When you are finished, submit this test to...","Graded AssignmentUnit Test, Part 2: Basic Tools and TransformationsAnswer the questions below. When you are finished, submit this test to your teacher for full credit.Total score: ____ of 15 points(Score for Question 1: ___ of 4 points)1. Use the figure below to answer the questions. (a) Describe in words a sequence of transformations that maps  to  .(b) Write an ordered-pair rule for each transformation in the sequence.Answer:(Score for Question 2: ___ of 7 points)2. Alicia is writing the program for a video game. For one part of the game she uses the rule   to move points on the screen.(c) What output does the rule give when the input is  ? Show your work.(d) What output does the rule give when the input is  ? Show your work.(e) Is the rule a function? Explain why it is or why it is not.Answer:(Score for Question 3: ___ of 4 points)3. Answer the questions by drawing on the coordinate plane below.(f) Draw the image of   after a rotation of 180° about the origin. Label the image  .(g) Draw the image of   after a reflection across the x-axis. Label the image  .Answer:",Homework Answsers
For Eng.Kelvin Only,"Due Wednesday at noon 1200  A new process for producing synthetic diamonds can be operated at a profitable level only if the average weight of the diamonds produced by the process is greater than 0.5 karat. To evaluate the profitability of the process, a sample of six diamonds was generated using this new process, with recorded weights .46, .61, .52, .48, .57, and .54 karat. Do the six measurements present sufficient evidence to indicate that the average weight of the diamonds produced by the new process is in excess of 0.5 karat? To answer this question conduct an appropriate test of hypothesis using the five step process outlined in our textbook and utilized in the solutions to the Chapter 8 review problems, which can be accessed via the link in the Assignments, Tests &amp; Quizzes sub-section in the weekly lesson that can be found in the Lessons section of our classroom.Keep in mind that your post must be made by 11:55PM EASTERN time on Wednesday during the week in which a discussion question is posed.  I will evaluate your responses to each of these questions using a 0 to 10 point scale, and your contribution to each of the Discussion Forums will count as 1.25 percent of the overall course grade for a total of 10 percent.My evaluation of your post will be based on the extent to which you participated and fostered a positive and effective learning environment--for yourself and others.  Participating and sharing are the keys.  Naturally, simply copying someone else's post is prohibited.  Your post should reflect your understanding of the question posed.  In addition to the computations you employed to arrive at your response, your post must contain comments regarding the rationale for the approach you utilized.  Simply listing an answer is of no real value in promoting a discussion.",Homework Answsers
I have math question,"I have 42 questions some questions are repeat it. and i want from you to solve all the questions by shoing me the steps. """"I want the steps with the answers""""",Homework Answsers
stat,for maths_stats_tutor,Homework Answsers
Stats - Midterm,I am looking for someone who is an expert in Stats and can complete the attached 50 questions without issue. I need this completed by thurs 6/25 8pm EST. Please dont respond if you are not an expert and have over 100 positive feedback.,Homework Answsers
Inventory Control Model Questions,"Three questions need detail answers in 12 font times new roman. Need all steps and calculations. Can use computer programs and calculators. 6-28, 6-37, 6-61.",Homework Answsers
Statistic assignment (Math),"I do have 30 multiple math questions that I need help with. This assignment worth a lot so please if you're not good with math and statistic don't reply to me. The questions that I want you to do are from ch 9-12 section. Please have a look at it before. Deadline is 24 hours 8:00 PM Thursday, Eastern Time (ET)",Homework Answsers
math application business 1,the answers should me in online website,Homework Answsers
Partial Differential Equation Problem,"1) Problem 1 in Section 4.4 of APDE [15pts, look at example 8.12 in EPDE].2) Problem 3 in Section 4.7 of APDE [20pts = 10pts for each half (find the formula and then show it is...)].3) Problem 5 in Section 4.7 of APDE [15pts]. Here Q and u_0 are constants.4) Problem 8.13 in EPDE",Homework Answsers
IXL,"This week, Duncan trimmed 1/10 of the bushes in his yard. Edgar trimmed 2/3 of the bushes in his yard. Who has trimmed a greater fraction of his bushes?",Homework Answsers
Math,,Homework Answsers
N/A,N/A,N/A
week 7 math,"answer questions on chapter 7 document based on videos below
https://www.youtube.com/watch?v=EZMGWzoNvnQ&amp;feature=youtu.be
https://www.youtube.com/watch?v=bhF9t6YGyKE
https://www.youtube.com/watch?v=s617z_26nXU
---- 
part 2
This is the second part to the case study that you will be doing throughout the semester. This project shows you how to run tests, analyze the results, and draw conclusions. All directions and steps for the tests that need to be performed can be seen starting on the second page of the Chapter 7 Statcrunch Document.
Please follow the formatting guidance listed in the template:
- Introduce the data you are working with
- Introduce the test you will be doing
- Insert the first test images scaled to fit the document
- Discuss your findings and introduce the next test
- Insert second test results scaled to fit the document
- Discuss the findings and any conclusions
This is to be in paragraph form. Times new roman font and double spacing should be used. DO NOT put labels like task 1, task 2. DO NOT just post all your images and put a paragraph at the bottom. DO NOT provide multiple separate uploads. 
There is a rubric for this assignment and I allow you to resubmit. Please view the rubric carefully.",Homework Answsers
math chapter 8,"Part 1 discussion post
The purpose of this activity is to find resources of your own related to concepts of this week and then evaluate other student's resources. 
1. Find a website, applet, video or text example on the law of large numbers, sampling distributions or the central limit theorem or other concepts we have covered this week in chapter 8. Put the link to this source in your post. (+3)
2. Explain why you chose your website, video, example/concept, include specifically how it helped you understand a specific concept. (+3)
---------
Use these videos to answer questions on worksheet attached
https://www.youtube.com/watch?v=zDRZHUcbYPg
https://www.youtube.com/watch?v=ngEXYBVEu9A",Homework Answsers
Mathematics Math homework,Instructions post it as pdf,Homework Answsers
sistema de ecuaciones,español,Homework Answsers
day 5c,,Homework Answsers
math week 9,"Watch videos to answer lecture 9 questions
https://www.youtube.com/watch?v=8a3FaD6k87s
https://www.youtube.com/watch?v=mXShwOHCykk
https://www.youtube.com/watch?v=hnsioH_NqWA
---------
This is the third part to the case study that you will be doing throughout the semester. This project shows you how to run tests, analyze the results, and draw conclusions. All directions and steps for the tests that need to be performed can be seen starting on the second page of the Chapter 9 Statcrunch Document.
Please follow the formatting guidance listed in the template:
- Introduce the data you are working with
- Introduce the test you will be doing
- Insert the first test images scaled to fit the document
- Discuss your findings and introduce the next test
- Insert second test results scaled to fit the document
- Discuss the findings and any conclusions
This is to be in paragraph form and should flow.. Times new roman font and double spacing should be used. DO NOT put labels like task 1, task 2. DO NOT just post all your images and put a paragraph at the bottom. DO NOT provide multiple separate uploads.",Homework Answsers
ODE,"Obtain the general solution of the following DEs:
i. y′′′ + y′′ − 4y′ + 2y = 0

ii. y(4) + 4y(2) = 0
iii. x(x − 2)y′′ + 2(x − 1)y′ − 2y = 0; use y1 = (1 − x)

iv. y′′ − 4y = sin2(x)

v. y′′ − 4y′ + 3y = x ; use y1 = e3x

vi. y′′ + 5y′ + 6y = e2xcos(x)

vii. y′′ + y = sec(x) tan(x)",Homework Answsers
Discussion post,"Math anxiety, simply defined, involves an anxiety about one’s ability to do math. As a math teacher, you will encounter many students who struggle with math, not necessarily because they don’t understand a specific concept but because they don’t have confidence in their ability to be successful in math. How might you combat math anxiety in your future classroom? Have you used any techniques, activities, etc. that have worked to ease a student’s anxiety? Did you struggle with math anxiety at any point? Discuss math anxiety with your colleagues and how you might deal with this very real issue in your classrooms.",Homework Answsers
Interdisciplinary Lesson Plan 4th Grade Math State of Texas,"For this assignment, you will create an interdisciplinary lesson that targets objectives for your content area and grade level, along with targeting one objective for English/Language Arts/Reading for your grade level. Keep the following in mind as you prepare your lesson plan:

  Include the grade and content area in which you are pursuing licensure.
  Find a piece of reading that you will share with your students. This can be a storybook, a nonfiction book, a set of instructions, a poem, a song, an article, a current event article, an excerpt from a book, a single chapter from a novel,  a short story, or any other type of reading you can think of. Make sure to include a link to the piece of reading or include the full text of the reading in your lesson plan document. Many storybooks are on YouTube, so a link to the YouTube video of someone reading the book is acceptable. Include an explanation regarding why you chose this piece of reading and how it connects to your content area.
  Copy/paste the number/letter code and full wording of each state standard you plan to target for your content area and grade level. Copy/paste the number/letter code and full wording of ONE state standard for English/Language Arts/Reading (ELAR) for your grade level that you plan to target in your lesson. Do not include extra standards. Only include the standards you will use to create your objectives. If you are seeking certification for secondary English, you will copy/paste at least TWO state standards for ELAR and one state standard for either math, social studies, or science.
  Create a properly written objective for each state standard that you have referenced. You should include at least 2 objectives, but no more than 4 objectives in total. If you are seeking certification for secondary English/Language Arts, then you will choose one of the other 3 core content areas to include in your lesson (math, social studies, science). Then include at least two English objectives and one objective from either math, social studies, or science.
  Include a warm-up for your lesson that introduces the topic of the piece of reading you will share with your students and that introduces your objectives.
  Instructional Strategies: Explain how you will use high-yield strategies to teach your objectives and guide the learning. Explain how you will include one specific literacy strategy to teach your ELAR objective. This should be the most detailed section of your lesson plan and should be highly focused on what you will do and not what your students will do.
  Include a list of materials needed for the lesson including technology
  Include a lesson closure / formative assessment. Note you must address BOTH components in order to earn full points on the rubric. Your closure activity may include a formative assessment component, but if you are combining the two, you must make this explicit in your plan. Make sure to show evidence of directly teaching the skills and concepts you plan to assess in the instructional strategies section. The assessments you plan need to make sense with the lesson you plan in the instructional strategies section. This is where you can explain what your students will do.
  Include a plan for summative assessment. Make sure to show evidence of directly teaching the skills and concepts you plan to assess in the instructional strategies section. Your summative assessment needs to directly assess the skills and concepts from your direct teaching in the instructional strategies section.
  Provide a plan to reinforce your objectives either through homework or during class the next day.",Homework Answsers
Mathematics Literacy Instructional Strategies Assignment,"Directions:

  Identify two books or texts that your students will read. Make sure the books/texts are grade-level appropriate and align with your content area. See the rubric for specific requirements. You must provide your grade level and content area of licensure in the assignment. The instructor needs to be able to check that your chosen books/texts connect to your content area and that they are grade-level appropriate.
  Combine the course readings from modules 1 and 2 with independent research on literacy instructional strategies in order to create plans to assess students' literacy focusing on each dimension of literacy - oral language, phonological awareness, phonics, fluency, vocabulary, and comprehension.
  Make sure that your plans connect to the books that your students will read by including specific vocabulary from the book in word-based activities and include specific comprehension strategies when assessing comprehension. Make sure to plan for assessing phonological awareness, phonics, and fluency even if you plan to teach at the secondary level. You should apply different strategies to each book/text and not the same strategies.
  Cite the credible sources from outside this course that you found through your research on literacy instruction to create your plans. Include a synthesis of your research. What did you learn about teaching and assessing literacy from reading modules 1 and 2, along with your independent research? This should be a detailed reflection of learning and how you envision teaching, promoting, and assessing literacy no matter what grade level or content area you teach. If you teach a content area other than literacy, discuss how you can integrate literacy activities in your content area.",Homework Answsers
project 3 math,"Now you will type your findings for the week. First you need to write your interpretation sentences for each of the confidence intervals (There should be 6 total). This can be written in the form: We are __% confident that the average income for _______ is between _______. Next you need to discuss what happened to the confidence intervals as you increased the confidence level. Then compare the confidence intervals across the 3 variables (overall, White and Black). Are there differences in the average income for individuals based on their race?",Homework Answsers
Math 111,Can someone assist me with this. My major is Sports Medicine.,Homework Answsers
technology platform  4th grade math texas,"Choose a technology platform that allows you to post original activities and assignments.  If you are already employed as a teacher, you may post this on an existing district site IF you are planning to use the materials in your class. Do not post anything on your district page that you will not actually use, as this will be confusing to your students and their parents. 
Create a welcome message and at least two original assignments on the page you create. To be considered for full credit, you need to post directions for a group project.
Examples of acceptable platforms are Google Classroom, Padlet, Class blog, Class website, as well as other platforms that are similar to these. Nearpod is not acceptable for this assignment. If you decide to use your current Google Classroom or similar virtual classroom (Schoology), please include screenshots of the assignments you have posted. These should be screenshots of the assignment explanation and not just the title of the post.
Include a reflection in your assignment submission that discusses how you plan to use your chosen technology platform throughout the school year to -
*Promote cross-curricular learning
*Promote student collaboration (If you teach grades PreK-2nd grade you can reflect on how the chosen platform will help you connect with parents)
*Copy/paste the state standards that each posted assignment/activity targets at the top of your reflection
Make sure to review the rubric for this assignment.
Provide the URL AND provide screenshots that include your name and the learning activities you have created for this assignment. You must provide the URL and screenshots (pictures) of your work in case the instructor is unable to access the page you created. To embed images in your assignment:",Homework Answsers
zearn,"M4|L1  Measure It, Plot ItSign out
Which line plot is divided into eighths?
0
1
2
0
1
2
0
1
2
Good work!
A botanist measured the height of plants in various locations, and recorded the data in the table below. Use the data in the table to create a line plot using 
1
8
 meters.
Location	1	2	3	4	5	6	7	Height of plants (in meters)	1 
3
4
1
2
5
8
1 
3
4
1 
1
8
1
4
1 
3
4
 
Height of plants (in meters)
0",Homework Answsers
math,,Homework Answsers
day hw,,Homework Answsers
Teaching Mathematics 4th grade,"Choose a technology tool that you can integrate into a lesson plan for your content area. Do not write ""social media"" or ""internet."" Specify the platform, e.g., Padlet, Flip, Jamboard, Peardeck, or a specific website that your students will use to learn new information about a specific topic, etc.
  Provide the grade level and content area for which you are planning.
  Copy/paste one state standard for your content area and one ISTE standard. Then create two objectives from the standards you reference - a content area objective and a technology objective.
  How will using this technology enhance the student learning of each objective? Make sure to detail the lesson you will teach to target both objectives.
  What are the risks or drawbacks to using this technology in the classroom? How will you minimize these issues? Make sure to discuss issues specific to the chosen technology tool and not to the use of technology in general.",Homework Answsers
transition math,I will send the USER ID AND PASSWORD once the bid is selected.  I need this done by midnight tonight and paying extra for it,Homework Answsers
"Unit 14 Discussion: Chapter 13, Home Mortgages","In this chapter, we learned how mortgages are used to help people purchase a home.
Please research at least two of the following topics and report your findings:

  How do you ""qualify"" for a home mortgage, that is, what conditions must be met for a bank to approve your home loan?
  What expenses do you need to budget for in addition to the mortgage payment itself?
  What are the pros and cons of home buying vs. renting?

Directions
Participation in Discussion Boards is a required part of this class (5% of your overall course average).
The requirements for this graded Discussion Board are:

  Your initial post is due by the 3rd day of the Discussion Board and must contain at least 100 words.
  You must respond to at least two classmates, and your response posts must contain at least 50 words.
  Please answer any questions posed in the instructor's response to your post(s).
  All posts should be relevant to the week's topic(s) and should include substantive, correct math content.
  All posts should be grammatically correct - please use Spellcheck as necessary.
  Please use APA citation format if you get help from another source (our textbook, another book, a website, etc.). Try to use your own words!",Homework Answsers
Supply Chain Operation Management OPRE.3310,"Dorothee is planning her daughter Elsa’s birthday party which will take place at the Young Chefs Academy (YCA) in Frisco.  The kids will make pizza from scratch, cook it then eat it.    One week before the party date, Dorothee has to communicate to the YCA a fixed number of kids and this number is used to determine the cost of the party. Specifically, the price charged by YCA is equal to $18 times the quoted number of kids.   If, on the day of the party fewer kids show up than the quoted number, Dorothee does not get a refund.  If, on the other hand, more kids show up than the quoted number, she has to pay $25 per extra kid.  Separately, Dorothee will also buy some “goodie bags” at Party City (Elsa’s favorite store) for the kids to take home with them after the party.   These will be purchased one week before the party and cost $5 per bag.    If, after the party, there are some goodie bags left, Dorothee’s friend Mary will buy them back from her for $3 each.   If, on the other hand, there are not enough goodie bags on the day of the party, Dorothee will run to the nearest store and buy a few small gadgets and sweets at a cost of $8 per extra goodie bag needed.   Elsa has invited 20 of her best friends.  Based on this number, the possible number of kids coming to the party, and the corresponding probability, is given in the following table:
A. What is the expected number of kids that will show up on the day of the party?____  kids
B. Suppose Dorothee tells the YCA that 17 kids will come to the party and picks up 17 goodie bags from Party City but in fact 18 kids show up on the day of the party.  How much is her total cost? $______ 
C. Suppose Dorothee tells the YCA that 17 kids will come to the party and picks up 17 goodie bags from Party City but in fact only 14 show up show up on the day of the party.  How much is her total cost? $_____ 
D. Suppose Dorothee decides to tell the YCA that 17 kids will come to the party and picks up 17 goodie bags from Party city. 

  What is her expected total cost? $______
  What is the expected number of goodie bags which will be sold to Mary after the party? _______goodie bags
  What is her probability of running out of goodie bags (i.e., stock-out probability)? ______ %
  What proportion of goodie bags given to the kids can she expect will be coming from the ones bought at Party City (i.e., fill rate)?  ______%
  What is the probability that her total cost for the party (YCA plus goodie bags) is above $400? _____%

E. Assume that the number of kids Dorothee quotes to the YCA is also the number of goodie bags she buys at Party City one week before the party.    What should this number be if Dorothee wishes to minimize her expected total cost, that is, the expected total cost of the party (YCA plus goodie bags)?  ______kids
F. How many goodie bags should Dorothee buy at Party City to make sure there is less than a 10% chance that she needs to run to the nearest store to buy gadgets for the missing goodie bags?  ______goodie bags
G. How much would Dorothee expect to spend on the party if she could see the future, that is, if she could predict for sure how many kids will come to the party? $________
H. Calculate the expected mismatch cost if Dorothee communicates a number of 17 kids coming to the party and purchases 17 goodie bags at Party City.  $______",Homework Answsers
Math,"For your initial posting, based on the concepts from this unit, answer at least two of the following:

  Share a thing that you learned about linear or exponential growth.
  Share a resource you found that was helpful to your understanding of the concepts in this unit.
  Ask a question about linear or exponential growth.
  Post a relevant or encouraging meme about linear or exponential growth.",Homework Answsers
5 questions,"Check attached question. Make sure you can answer Need 100% complete answer. Thank you
Check attached question. Make sure you can answer Need 100% complete answer. Thank you
Check attached question. Make sure you can answer Need 100% complete answer. Thank you",Homework Answsers
Charts and Graphs discussion,"Charts and graphs are often used to present statistics in newspapers, magazines, books, and various online articles. There are pros and cons to using these types of visual representations.
Describe one pro and one con of using a graph or chart. Then, share an example of a time when a data visualization (like a graph or chart) changed your mind about something or gave you a deeper understanding of a topic or current event.",Homework Answsers
as attached,"You are the vehicle dispatcher for a delivery service that serves a mix of ‘easy’ customers who are quite pleasant when the driver arrives and ‘hard’ customers who are difficult to manage. In order to keep the drivers happy, you never assign a driver to visit two hard customers in a row. Thus, for each driver, given a set of ‘easy’ and ‘hard’ customers to visit, your goal is to minimize the travel time to visit all customers, starting and returning from the company depot, satisfying the constraint that a hard customer visit cannot be followed by another hard customer.
This problem can be infeasible if the number of hard customers is greater than the number of easy customers. Let’s assume that this is sometimes the case. As dispatcher, you have decided to relax the constraint that a hard customer visit cannot be followed by another hard customer. Rather, you want to minimize the number of times this happens and minimize the route travel length.

  It may not be possible to minimize both terms at once; how would you find a good compromise?
  Formulate the Hard/Easy Customer Traveling Salesman Problem (TSP) with the two term objective function terms. Define any new notation you introduce and explain your formulation in words and present mathematically.
  Develop a heuristic to solve the problem. Clearly present your heuristic.
  Solve the instances posted in the excel file. Solutions should include the visit sequence of nodes and the tour length and # of times a hard customer follows another hard customer for each instance. Your solution should be included on the tab “Sample solution” in the data spreadsheet.",Homework Answsers
Math 3,"Unit 4, we are learning about the graph theory. For this discussion, you will post at least twice - 1) an initial post, and then 2) a reply to a classmate.
For your initial posting, based on the concepts from this unit, answer at least one of the following:

  Share a thing that you learned about graph theory.
  Share a resource you found that was helpful to your understanding of the concepts in this unit.
  Ask a question about graph theory.
  Post a relevant or encouraging meme about graph theory.",Homework Answsers
Math Help,"Does the table represent a function? Explain.
What do you know to be true about the information presented in the table? How do you know?
What do you know to be false about the information presented in the table?  How do you know?
Write in complete sentences, and your post must contain a minimum of 300 words.",Homework Answsers
Math Help,"Does the table represent a function? Explain.
What do you know to be true about the information presented in the table? How do you know?
What do you know to be false about the information presented in the table?  How do you know?
Write in complete sentences, and your post must contain a minimum of 300 words.",Homework Answsers
How to complete this problem?,"1. The graph below describes the fuel remaining in a delivery truck's tank (in liters) as a function of distance (in kilometers) is graphed.
**
a. What is the y-intercept and what does it represent in this situation?
b. What is the approximate average rate of change between the 100th and the 400th kilometer?
c. What is the approximate average rate of change between the 400th and 600th kilometer?
d. How do the answers in b and c compare?  What is going on",Homework Answsers
Maths,"There are 40 fish in a pond. 12 of thefish are breamOf the fish that are not bream, HI aretench and the rest are carpWhat is the ratio of bream to tenchto carp in the pond?Give your answer in its simplest form.",Homework Answsers
assistance need in maths asap,please see attachment,Homework Answsers
discussion,,Homework Answsers
alegebra unit 2,,Homework Answsers
College Statistics Assignment,Please take a look at my attachments before responding. I need a statistics tutor for this assignment.,Homework Answsers
Data driven decisions,"Please view to attached docs for more instructions. Please use attached template.
Imagine you are working in the marketing department of a company. Your supervisor assumes that if the
company spends more on digital advertisements it would lead to an increase in sales. In fact, she hopes
that doubling the budget for digital advertising will result in daily sales that are greater than $10,000. She
wants to solve the problem at hand and asks you to investigate. To verify this assumption, the marketing
department will raise the digital advertisement budget for a six-month period, then analyze the collected
data at the end of that period.
You collect monthly data from the past six months and then randomly sample 30 days. The results of your
sample and your calculations are shown in the Excel file provided in the assignment instructions.

Write a two to three (2–3) page report using the provided template in which you:
1. Construct a box-and-whisker plot for the daily sales.
2. Copy the sample mean, median, and standard deviation for the daily sales.
3. Copy the 95% Confidence Interval for the daily sales.
4. Conduct a hypothesis test to verify if the claim that the mean daily sales is greater than $10,000
is supported. Clearly state the logic of your test, the calculations, and the conclusion of your test.
5. Provide the following discussion based on the conclusion of your test:

a. If you conclude that the mean daily sales is greater than $10,000, provide three (3)
possible causes. Share marketing strategies that will support this upward trend the
company is experiencing.
Or

b. If you conclude that the claim of mean daily sales is not greater than $10,000 is not
supported or justified, provide a detailed explanation to your supervisor of how the
company can increase daily sales. Include marketing strategies that will support an
increase in daily sales. Include your speculation on the reason(s) behind the claim.",Homework Answsers
Suppose a random sample of 49 is selected from a population,,Homework Answsers
"Unit 3 Discussion: Chapter 5, The Golden Ratio and the Fibonacci Numbers","The Golden Ratio is often denoted by the Greek letter phi:  φ.  Its exact value is 1+52 which is approximately equal to 1.618.
In this chapter, we saw how successive quotients of the Fibonacci Numbers get closer and closer to the Golden Ratio:
11=1, 21=2, 32=1.5, 53=1.67, 85=1.6, 138=1.625, 2113=1.615, …
Many people believe that the Golden Ratio, Golden Rectangles, and the Fibonacci Numbers ""appear"" in the real world in places such as:

  Art
  Architecture
  Nature

Please research at least one example of such an ""appearance"" in art, architecture, nature, or someplace else in the real world and post your findings.
Directions
The requirements for this graded Discussion Board are:

  Your initial post is due by the 3rd day of the Discussion Board and must contain at least 100 words.
  You must respond to at least two classmates, and your response posts must contain at least 50 words.
  Please answer any questions posed in the instructor's response to your post(s).
  All posts should be relevant to the week's topic(s) and should include substantive, correct math content.
  All posts should be grammatically correct - please use Spellcheck as necessary.
  Please use APA citation format if you get help from another source (our textbook, another book, a website, etc.). Try to use your own words!",Homework Answsers
"Mathematics Help with math assignment that's due on August 20, 2023",,Homework Answsers
How to Calculate the Area of a Circle: Formula and Explanation,What is the formula to calculate the area of a circle?,Homework Answsers
125-page document is being printed by five printers,,Homework Answsers
Discussion response,I will provide a discussion for you to respond to,Homework Answsers
Mathematics help with assignment,Here's the video for the assignment (  (861) Rational Functions - YouTube),Homework Answsers
Business Analyst working for the ABC Ball Bearing company,,Homework Answsers
help,Help Jake Sully to read the end of  avatar game ?,Homework Answsers
Mathematics help with assignment,"3 things I was learning about exponents and polynomials, factoring polynomials, and rational expressions. you can talk about these in the assignment.",Homework Answsers
idk,"the data below represents the height in centimeters., of the 26 students in ms hendricks sixth grade class if u were to construct a line plot from this data which range would best suit the data?",Homework Answsers
Probability,,Homework Answsers
purchasing power and inflation,"For your data set, use Excel to graph the purchasing power data you selected in Part I and find three models with the input being the number of years since 1910 and the output being the purchasing power. You must find a (a) linear model, (b) Polynomial model of any order (whatever you want), and (c) an exponential or logarithmic model (again your choice - choose what looks best). 

Explain which model is most accurate for each data set (re-watch my Accuracy of Models video if you need the review.) Be sure to copy all scatterplots with the regression model and equation (Just literally CTRL + C the graph and it should paste right into your word processor.)",Homework Answsers
Measures of Central Tendency,"Statistics is the science of organizing and analyzing information to make informed decisions. The following are reading scores for two fifth grade classes. For each class's scores, organize the data, find the mean, mode, median, quartiles, and range, and draw a box and whisker graph for each class using a single number line.
Analyze your results. In sentence form, answer: How are the classes' scores alike, and how are they different. How would you approach instruction for the classes, the same or different?",Homework Answsers
Wk 3 Discussion - Applying Logic [due Thurs],"Respond to the following prompts in a minimum of 175 words:

  Consider a recent interaction you have had with a colleague/friend/acquaintance or item that you saw in the media, including news or social media, that might have included logical errors.
  Share the example as well as the logical errors that are present in the example. Be sure to use terms and concepts from the content covered this week to support your discussion.

Please Note: I get a lot of inappropriate responses for this discussion question since most responses will simply state that what they think is correct is logical, which may not be correct. The response to this discussion question should include common logic fallacies as defined in this weeks material, such as:
If then statements
AND/OR/NOT logic examples
Induction or deduction or inference statements
Correlation is not causation
False dichotomies (there are only two kinds of people in the world, etc)
Circular reasoning
Gamblers fallacy
False Dilemma
etc",Homework Answsers
PBL Math Project,"I've attached the file below, for this project three strategies of ways we can remodel our kitchen in the most affordable way. Also, work cited and make sure to summarize ( 2-3 pages) everything at the end. The file will walk you through all the information needed.",Homework Answsers
see below,"Task: Investigate different types of math required for specific jobs.
1. Use the Internet to research mathematics-related jobs.
2. List three jobs that may interest you, along with the type of math needed for that job.
4. Of those three, choose one that most interests you.
5. Write a paragraph about the job you chose, which includes:
* A description
* Why it interests you
* What education level is required
* Example of a math problem related to your work
Here is a website to get you started.
http://www.cln.org/themes/careers_math.html",Homework Answsers
Biostatistics question,"In the running of a clinical trial, much laboratory data has been collected and hand entered into a data base. There are 50 different lab tests and approximately 1000 values for each test, so there are about 50,000 data points in the data base. To ensure accuracy of these data, a sample must be taken and compared against source documents (i.e. printouts of the data) provided by the laboratories that performed the analyses.
 The study manager for the trial can allocate resources to check up to 15% of the data and he wants the QC efforts to be focused on checking outlier values so that clinically improbable or impossible values may be identified and reviewed. He suggests that the sample consist of the 75 highest and 75 lowest values for each lab test since that represents about 15% of the data. However, he would be delighted if there was a way to select less than 15% of the data and thus free up resources for other study tasks.
 The study statistician is consulted. He suggests calculating the mean and standard deviation for each lab test and including in the sample only the values that are more than 3 standard deviations from the mean.
 Given that the study manager wants the QC efforts to be focused on selecting outlier values, whose method is a better way of selecting the sample? Why? Using what you have learned about measures of central tendency and dispersion, how would your answer change if you knew the data were not normally distributed? Explain your reasoning and answers.
Part 2: Box Plot (1 Point)
Draw a box plot using the Weight data  (at screening) from the Lipids data set located in the Group Project assignment in Canvas (Week 9 Module). Provide the values for the 5-number summary, upper and lower fences, and comment on the data (skewness, outliers, etc.) in your post.  Copy/paste box plots directly into your comments.  If it is necessary to attach a file of your box plot then use a PDF file.In the running of a clinical trial, much laboratory data has been collected and hand entered into a data base. There are 50 different lab tests and approximately 1000 values for each test, so there are about 50,000 data points in the data base. To ensure accuracy of these data, a sample must be taken and compared against source documents (i.e. printouts of the data) provided by the laboratories that performed the analyses.
 The study manager for the trial can allocate resources to check up to 15% of the data and he wants the QC efforts to be focused on checking outlier values so that clinically improbable or impossible values may be identified and reviewed. He suggests that the sample consist of the 75 highest and 75 lowest values for each lab test since that represents about 15% of the data. However, he would be delighted if there was a way to select less than 15% of the data and thus free up resources for other study tasks.
 The study statistician is consulted. He suggests calculating the mean and standard deviation for each lab test and including in the sample only the values that are more than 3 standard deviations from the mean.
 Given that the study manager wants the QC efforts to be focused on selecting outlier values, whose method is a better way of selecting the sample? Why? Using what you have learned about measures of central tendency and dispersion, how would your answer change if you knew the data were not normally distributed? Explain your reasoning and answers.
Part 2: Box Plot (1 Point)
Draw a box plot using the Weight data  (at screening) from the Lipids data set located in the Group Project assignment in Canvas (Week 9 Module). Provide the values for the 5-number summary, upper and lower fences, and comment on the data (skewness, outliers, etc.) in your post.  Copy/paste box plots directly into your comments.  If it is necessary to attach a file of your box plot then use a PDF file.",Homework Answsers
"Which of the following math skills are useful in planning an effective budget?

Data gathering
Finding averages
Estimating
Finding perimeter and area
Organizing data",Which of the following math skills are useful in planning an effective budget?,Homework Answsers
Tests of Hypotheses math statistics,"A mixture of pulverized fuel ash and Portland cement to be used for grouting should have a compressive strength of more than 1300 KN/m2. The mixture will not be used unless experimental evidence indicates conclusively that the strength specification has been met. Suppose compressive strength for specimens of this mixture is normally distributed with σ = 56. Let μ denote the true average compressive strength
B)Let 
X
 denote the sample average compressive strength for n = 12 randomly selected specimens. Consider the test procedure with test statistic 
X
 and rejection region x ≥ 1331.26. 

mean of the test statistic    KN/m2 



standard deviation of the test statistic KN/m2 


Using the test procedure of part (b), what is the probability that the mixture will be judged unsatisfactory when in fact μ = 1350 (a type II error)? (Round your answer to four decimal places.)
C)
What is the probability distribution of the test statistic when μ = 1350?
mean of the test statistic                 KN/m2 



standard deviation of the test statistic   KN/m2 

Using the test procedure of part (b), what is the probability that the mixture will be judged unsatisfactory when in fact μ = 1350 (a type II error)? (Round your answer to four decimal places.)

 (d) How would you change the test procedure of part (b) to obtain a test with significance level 0.05? (Round your answer to two decimal places.) 
Replace 1331.26 KN/m2 with KN/m2. 

What impact would this change have on the error probability of part (c)? (Round your answer to four decimal places.)

 The probability that the mixture will be judged unsatisfactory when in fact μ = 1350 will change to . 

(e) Consider the standardized test statistic 
Z = (X − 1300)/(σ/


). What are the values of Z corresponding to the rejection region of part (b)? (Round your answer to two decimal places.)
z ≥ 









 A new design for the braking system on a certain type of car has been proposed. For the current system, the true average braking distance at 40 mph under specified conditions is known to be 120 ft. It is proposed that the new design be implemented only if sample data strongly indicates a reduction in true average braking distance for the new design.
 
(c) What is the significance level for the appropriate region of part (b)? (Round your answer to four decimal places.)


 How would you change the region to obtain a test with α = 0.001? (Round your answer to one decimal place.) 
Replace the limit(s) in the region with . 

(d) What is the probability that the new design is not implemented when its true average braking distance is actually 115 ft and the appropriate region from part (b) is used? (Round your answer to four decimal places.)


 (e) Let 
Z = (X − 120)/(σ/




n

). What is the significance level for the rejection region {z: z ≤ −2.39}? For the region {z: z ≤ −2.69} (Round your answers to four decimal places.) 


for 
{z: z ≤ −2.39


for 
{z: z ≤ −2.69}
 
     

 Let the test statistic Z have a standard normal distribution when H0 is true. Give the significance level for each of the following situations. (Round your answers to four decimal places.)
 (a)    Ha: μ &gt; μ0, rejection region 
z ≥ 1.71



 (b)    Ha: μ [removed] μ0, df = 18, rejection region t ≥ 3.610



 (b)    
Ha: μ &lt; μ0, n = 28, rejection region t ≤ −3.690



 (c)    
Ha: μ ≠ μ0, n = 33, rejection region t ≥ 2.037 or t ≤ −2.037



 A manufacturer of nickel-hydrogen batteries randomly selects 100 nickel plates for test cells, cycles them a specified number of times, and determines that 14 of the plates have blistered.
 
State the rejection region(s). If the critical region is one-sided, enter NONE for the unused region. Round your answers to two decimal places. 


z ≤ 

z ≥ 


Compute the test statistic value. Round your answer to two decimal places.
z = 

     . . 
(b) If it is really the case that 15% of all plates blister under these circumstances and a sample size 100 is used, how likely is it that the null hypothesis of part (a) will not be rejected by the 0.05 test? (Round your answer to four decimal places.)


 If it is really the case that 15% of all plates blister under these circumstances and a sample size 200 is used, how likely is it that the null hypothesis of part (a) will not be rejected by the 0.05 test? (Round your answer to four decimal places.)


 (c) How many plates would have to be tested to have β(0.15) = 0.10 for the test of part (a)? (Round your answer up to the next whole number.)
 plates",Homework Answsers
Mathematics Education Journal,"2. Mathematics Education for All Journal (FEAP 2d)
Description: Equity in mathematics education requires high expectations and strong support for all students. Clinical experiences that focus on equitable practices promote the development of knowledge, skills, and disposition related to student diversity. In this assignment, the pre-service teacher will participate in a variety of guided clinical experiences in a K-12 mathematics classroom that focus on diversity and reflect on ways in which they can demonstrate respect for students’ cultural linguistics and family background.
 
Directions: In this assignment, the pre-service teacher will actively engage in the clinical school settings and complete journal entries following the guided field experiences described. The clinical experiences include:

    
      Observation Entry 1: One Child’s Experience
        
          The purpose of this observation is to focus on one child who has a special need (e.g. gifted, LD, ELL) and observe his or her learning in a lesson. Remember to speak with the teacher about the purpose of the observation and have him or her assist in selecting the student. You will need to be careful that in observing the student you do not make him or her feel uncomfortable. You may use the 8.1 Observation Checklist from the Field Experience Guide as a resource (Bay-Williams, 2013, pg. 84).
        
      
      Observation Entry 2: Culturally Responsive Instruction
        
          Observe a mathematics classroom teacher to consider the extent to which the lesson is culturally responsive. The following are a few questions you may want to consider while observing – “Does the content include a balance of procedures and concepts? Are students expected to engage in problem solving and generate their own approaches to problems? Are connections made between mathematics topics? In what ways is the content related to familiar aspects of students’ lives?  In what ways is prior knowledge elicited / reviewed so that all students can participate in the lesson? To what extent are students asked to make connections between school mathematics and mathematics in their own lives? How are the interests of students (events, issues, literature, or pop culture) used to build interest and mathematical meaning? In what ways are students invited to include their own experiences within a lesson? Are story problems generated from students and teachers? Do stories reflect the real experiences of students?  Are individual student approaches presented and showcased so that each student sees their ideas as important to the teacher and their peers? Are alternative algorithms shared as a point of excitement and pride (as appropriate)? Are multiple modes used to demonstrate knowledge (e.g. visuals, explanations, and models) valued? Are students (rather than just the teacher) justifying the correctness of solutions? Are students invited to (expected to) engage in whole-class discussions where students share ideas and respond to each other’s ideas? In what ways are roles assigned so that every student feels that they contribute to and learn from other members of the class? Are students given a choice in how they solve a problem? How do they demonstrate their knowledge of the concept? (Bay-Williams, 2013, pg. 86).
        
      
      Teacher Interview Entry 3: Student Diversity
        
          Create a chart/table that identifies the class learner profile (gender, intellectual disabilities, gifted, culturally/ethnically diverse, English language learners, struggling/reluctant learners). Discuss possible adaptations or instructional strategies that can be implemented to ensure mathematics is accessible and meaningful to all students with the classroom teacher. Include which strategies are used to differentiate a lesson in order to meet the needs of all the diverse learners in the classroom. Include strategies that are used to make the content accessible, but still maintain high expectations for learning the intended objectives (Bay-Williams, 2013, pg. 87).
        
      
      Teacher Interview Entry 4: Environment and Students
        
          Ask a classroom teacher how they use knowledge of students, family, and community to make decisions for his or her mathematics teaching. Describe how he or she develops an environment with high expectations for all learners. This description might include student cultural or linguistic backgrounds; inclusion and involvement of family learning styles; learning differences; personalities; skills/backgrounds; local community interests/events; interests of individual students; and seasonal considerations (Bay-Williams, 2013, pg. 88).
        
      
      Teaching Entry 5: Lesson Adaptations
        
          The purpose of this experience is for you to apply what you know about students, what you know about adaptations for various special needs, and your knowledge of mathematics teaching. Adaptations include both accommodations and modifications. Create a three-column chart/table identifying specific accommodations and/or modifications that directly relate to at least five learners in the classroom. Design a task and plan a lesson for a small group of learners.  (Bay-Williams, 2013, pg. 89).
        
      
      Teaching Entry 6: Sheltering a Lesson for English Language Learners
        
          The purpose of this field experience is to identify and incorporate those instructional strategies that can support an English Language Learner (ELL).  Using an existing lesson from a textbook or teacher resource you will use the technique called “sheltering”; in other words you will take each component of the lesson (the objectives; the before, during, and after; and the assessment) and determine the accommodations or modifications necessary to make it accessible to an English Language Learner (Bay-Williams, 2013, pg. 91).
          For your School of Education E-Portfolio Reflection, use the following to guide you:

        
      
      Provide a brief description of the assignment.
      Select the FEAPs addressed in this assignment and add them to your portfolio in the Standards section. 
      Discuss the potential impact on student learning addressing individual student need’s provides. How does the reflective thinking process enhance teacher lesson design and implementation of instructional strategies and practices?
      Explain how you have grown as an educator as a result of reviewing, evaluating, and designing activities to meet diverse student needs. In other words, explain what you have learned from this assignment.  However, do not describe the assignment.
      Explain what you will do to improve the lesson. 
      Include any APA citations and references.",Homework Answsers
Math 215,"Need help with week 2  homework questions
 13 questions",Homework Answsers
db 3,"Applications of Counting Techniques
In this unit, you have seen the differences between combinations and permutations as well as how to calculate the results for each type of counting application. For example, say you would like to form a focus group on improving your software with individuals who took an initial survey. How many different three-person focus groups can be formed from the 20 people who originally took the survey? (Combination problem)
If you want your three-person focus group to have one person serve as the spokesperson for the group, one person as the notetaker, and one person as the timekeeper, how many different focus groups can you form with these three positions, drawing from the total group of 20 people? (Permutation problem)
Post 1: Initial Response
Compose a counting question that applies either the combination or permutation formula (i.e., focus the development of your question to draw upon one of these two counting techniques, specifically). Please include the following information:

  Provide a description of the situation, including how many people or items you may select from in total (n) and how many will make up the outcome (r).
  Clearly state the counting question which can be addressed based on this situation.
  Identify the counting technique required to answer the question and show the steps for determining the solution.
  Express the solution in a complete, narrative sentence, tying in some of the original context from the situation you described above to clearly communicate your result.",Homework Answsers
Mathematics Math homework,"A 10 questions math homework about differentiation
There are 2 attempts to do this homework.
I will send a Word document that have screenshoots of the 10 questions",Homework Answsers
as below,"You may find it helpful to review How to Perform Multiple Regression on Quarterly Seasonal Data in Excel.For this assignment, you are required to complete Problem 64 in Chapter 12 of your textbook. Once complete, submit your Excel document in Waypoint. Show all work.
(S/B: 12/64) Let Yt be the sales during month t (in thousands of dollars) for a photography studio, and let Pt be the price charged for portraits during month t. The data are in the file Week 4 Assignment Chapter 12 Problem 64.
Use regression to fit the following model to these data:
Yt = a + b1Yt−1 + b2Pt + et
This equation indicates that last month’s sales and the current month’s price are explanatory variables. The last term, et, is an error term.
For your assignment, complete the following:

  If the price of a portrait during Month 21 is $10, what would you predict for sales in Month 21?

In your Excel spreadsheet,

  Utilize the regression model.
  Utilize the support tool of Excel.
  Predict sales as described
  Carefully review the Grading Rubric

Reference: Albright, S. C., &amp; Winston, W. L. (2020). Business analytics: Data analysis and decision making (7th ed.). Cengage Learning.
owever, it's the exactly problem breakdown/question above. I just wanted to let you know that excel is needed for this assignment and you will need to run regression formula.",Homework Answsers
Cryptography and Fractals,All questions,Homework Answsers
math,https://connect.mheducation.com/class/c-gonzalez-garrido-chm1025-monday-and-wednesday,Homework Answsers
Mathematics assignment,I need help in solving the easy mathematics questions that is attached in the doc file. I will hire the best writer.,Homework Answsers
Mathematics,If you can handle this task then let me know,Homework Answsers
MATH Discussion   - DUE TODAY BY 10PM,"Please respond to the following:

  Explain why an increase in sample size will reduce the probability of a type II error, but such an increase will not impact the probability of a type I error.
  Support your reasoning using a scholarly source. 

Be sure to respond to at least one of your classmates’ posts. Cite any resources used.",Homework Answsers
Critical Thinking with linear models,I need help understanding a linear model.,Homework Answsers
DB#4 MM250,"I need a initial post + 2 responses to classmates (see attached)
Applications of Probability
In this unit, you explored how to interpret different types of probability experiments as well as how to determine probabilities in a given context. One key way probability can be used in professional settings is by collecting data from a sample of employees and observing the relative frequency (i.e., empirical probability) of some event of interest to you and your organization or industry. For example, suppose you surveyed a group of 200 IT professionals at your company and found that there were 80 with only basic skills in coding. You could then determine the probability that a random IT professional who responded to your survey could potentially benefit from professional development in this area.
Post 1: Initial Response
Suppose you and your classmates are surveying some of the employees working at your company. The company has over 10,000 employees, so you each collect information from a sample of 500 employees to get some insight into how vulnerable the company may be to external threats, or hacks, to the computers used by employees. You will use your survey results along with probability to assess the companies’ risk. Please include the following information:

  Copy and paste your empirical data table. This table will be provided by your instructor.
  Compute and clearly state the probability (as a decimal and percentage) for each of the following:
    
      A company employee has not run a computer security scan in the past 60 days.
      A company employee has not installed the latest patches to the operating system on their computer.
      A company employee has not installed the latest patches to the operating system on their computer and has run a computer security scan in the past 60 days.
      A company employee has installed the latest patches to the operating system on their computer and has not run a computer security scan in the past 60 days.
    
  
  Express the likelihood of a security breach at your company — high, moderate, or low — based upon insight you gained from computing probabilities from the survey results. In one or two sentences, discuss how this analysis of empirical probability may be beneficial to you and your company.

View Unit 4 Discussion Post 1 example.
Post 2: Reply to a Classmate
According to reports about the latest patches to the operating system, users may be particularly vulnerable to malware if they have not installed the patches. You decide to look into one of your team members’ results for further evidence of how at risk the company may be.
Review a classmate’s initial response. Using your classmate’s empirical data table, compute and clearly state the probability a company employee has not installed the latest patches to the operating system on their computer, given the employee has not run a computer security scan in the past 60 days. (Note, this is known as a conditional probability.) Round to 4 decimal points. In one or two sentences, discuss how this added analysis of empirical probability may offer beneficial insight to you and your company regarding risk.
View Unit 4 Discussion Post 2 example.
Post 3: Reply to Another Classmate
Review a different classmate’s discussion thread. Consider the probabilities presented in the other posts and express what you believe to be a reasonable overall assessment of the likelihood of a security breach at your company — high, moderate, or low. Given your assessment, describe in two to three sentences some actions that may be taken at the company to minimize the threat level and maintain a low likelihood of security breach once a reasonable level is achieved.",Homework Answsers
solve ixl maths homework,"Ixl H 1,2,3
S 3,4
R 1,2
T 2",Homework Answsers
DB 5,"I need initial post and respond to two of my classmates
 
Modeling Population Growth
You can generally model population growth as either linear by an arithmetic sequence, or exponential by a geometric sequence. These can be defined by one of the general forms:
Arithmetic Sequence
an = a0 + d∙n where,

  d is the common difference (change per year for population increase or decrease)
  n is a natural number indicating the years since the initial period
  a0 is the population in the initial period

Geometric Sequence
an = a0∙rn where,

  r is the common ratio (multiple for population increase or decrease per year)
  n is a natural number indicating the years since the initial period
  a0 is the population in the initial period

Post 1: Initial Response
Suppose you are working as an IT consultant and are known to have keen mathematical skills in addressing real-world situations. You have recently been contacted by a city council to present a plan for a population growth/decline initiative. The council has in recent years experienced considerably unexpected changes in population due to obsolete models and no use of technology. This has left them scrambling to find remedies for the city (e.g., new roads if the population is growing, repurpose vacant lots if the population is declining).
You will spearhead this initiative, and you are charged with planning a mathematical model for future use and prioritizing the city council's use of technology. Your goal is to apply your knowledge of sequences and create an appropriate mathematical model for the city's population growth/decline. You will also share the technological tools that can be used to employ this model well into the future in the form of a computer algorithm.
In planning for your goal, you will want to briefly describe the city population growth/decline scenario and identify what factors might contribute to the growth/decline. This initial stage of planning is critical in creating an accurate mathematical model. You also want to present how your model can be codified as a computer algorithm so that the council's staff can use it in the future.
Draft a detailed response to the council to demonstrate what you propose for more effectively modeling and preparing for population changes in the future.
View Unit 5 Discussion Post 1 example.
Include all of the following in your response.

  Provide a narrative introduction to the planning initiative, where you:
    
      Briefly describe the situation in which population growth/decline is being considered and modeled
      State whether you project the population growth/decline to be linear or geometric in nature
      Identify at least three factors you believe might be contributing to the unexpected population growth/decline (i.e., birth, disease, innovations, trends, migration)
      Discuss and prioritize which of these factors you believe has possibly had the greatest impact on the population growth/decline
      Reflect on how that factor may relate to one of the inputs in the model
    
  
  Present your proposed mathematical model for how the council estimates the future population each year, using either an arithmetic or a geometric sequence. Clearly state the following:
    
      Initial population size, a0
      Your change variable, d or r
      The general equation for your model with these two inputs substituted into the formula
    
  
  Write an algorithm that will take as input the number of years (n) since the initial period, and that will output the population size for each year from now until the nth year. Your algorithm must use an iterative operation (such as a while or for-next loop).

Post 2: Reply to a Classmate
Review a classmate's population model scenario, equation, and algorithm. If no other classmate has yet responded, review their model for accuracy by providing an input value for n ≥ 5 and perform a trace of the algorithm.
View Unit 5 Discussion Post 2 example.
Address the following:

  Write out the outputs in a trace table.
  Select two future population estimates (two output values of an) and discuss whether the output produced is appropriate for the scenario. What limitations, or problems, may there be in using this model to estimate the population indefinitely?
  Based on your assessment of the output and potential limitations of the model, suggest a change to the general formula or algorithm for their sequence to represent a potentially better long-term model for the scenario. (You may consider the factors that were described in the initial planning phase or other biological limitations on growth/decline of populations.)

Post 3: Reply to Another Classmate
Review a different classmate's population model scenario, equation, and algorithm. You will improve their model to account for a potential event that could affect the population growth/decline.
Modify your classmate's population model by adjusting their algorithm with a conditional statement (if-then or if-then-else) for some event that leads the population to slow its growth or decline (or reverse between growth versus decline) at a specific population size (i.e., you choose a specific value of an).
View Unit 5 Discussion Post 3 example.
Address the following:

  Copy their original algorithm into your post and insert a conditional operation into an appropriate place to account for this change in the model. (You will need to incorporate a second formula with an updated value for d or r, for use when your conditional operation begins taking effect.)
  Select an input value for n, large enough so that it will trigger your conditional statement to calculate some population estimates using your revised model, or second formula.
  Perform a trace of the algorithm using this value of n and write out the outputs in a trace table.
  Describe and explain the results, commenting specifically in your role as a consultant on how you believe this is now a good long-term modeling algorithm for the scenario.",Homework Answsers
Union,"A = {1,5,7,9} 
B = {1,3,4,8}
Find the union of sets A and B.",Homework Answsers
DB 6,"I need initial post and 2 responses to my classmates, see attached for my classmates' initial responses.
Set Theory as a Framework for Relational Databases
A set can be a collection of any type of object, ranging from people to places to things. Basic set theory includes the study of subsets, proper subsets, finite and infinite sets, and the logical operations on them. Set theory plays a foundational role in mathematical processes and ideas and also has connections to computer engineering, programming, and databases.
The relational database model, originally invented by computer scientist Edgar F. Codd in 1969, is based on ideas from set theory. A simple database is a collection of records stored in tables. A relational database also includes relationships stored across multiple tables. One can run queries on the relational database to request specific information with set theory operators, such as union and intersection.
Post 1: Initial Response
Imagine you are responsible for your organization’s analytic tasks, and you are currently brainstorming how to query a relational database of marketing information for the organization. You want to test your understanding of how you might relate the database tables with the use of set theory, and particularly subsets. To carry out your test, complete each of the following:

  To define two sets, set A and set B, first conduct an online browsing trial, in which you spend 10–20 minutes looking at different websites, such as for national news, social media, sports, hobbies, recipes, etc. Let set A represent exactly three distinct company names from any online advertisements you saw during your browsing trial. Let set B represent at least three distinct company names for any online retailers you have purchased from in the past year.
  To prepare to use your algorithm, answer the following questions:
    
      How many elements are in set A? This is what you will set as m = ___.
      How many elements are in set B? This is what you will set as n = ___.
      What are your first and last elements of A? Show these as a[1] = ____ and a[m] = ___.*
      What are your first and last elements of B? Show these as b[1] = ____ and b[n] = ___.*
    
  

*Note: Recognize that there are other elements you will cycle through as you trace the algorithm. While you are not required to list all elements in this form, you will need to use them, in addition to the first and last elements, as you complete your trace.

  Using your sets A and B along with what you just outlined to prepare, determine an algorithm that you can use to see whether A ⊆ B.
  State the algorithm that you would use to compare these sets.
  Based on your algorithm, did you find that A ⊆ B or that A ⊈ B? Explain. If A ⊈ B, how are they related (e.g., disjoint, intersecting)?

View Unit 6 Discussion Post 1 example.
Post 2: Reply to a Classmate
Now you want to try out the algorithm on another person’s data to further test your understanding and bolster your confidence about assessing relations computationally as you approach this relational database project.
Review a classmate’s post and consider their set B. Address the following items completely.

  Using your set A and their set B determine whether A ⊆ B or that A ⊈ B? Explain how you know this. If A ⊈ B, how are they related (e.g., disjoint, intersecting)?
  How might the understanding you have gained from your Post 1 and Post 2 tests be useful if you were responsible for querying a relational database?

View Unit 6 Discussion Post 2 example.
Post 3: Reply to Another Classmate
After conducting this computational practice, you have begun to develop some technical insight into how you might investigate and seek information on the marketing habits of clients by querying a relational database. However, you know your fellow staff members are not interested in this technical insight. So, for your general meeting, you plan to present a visual synopsis of some ideas considered in the planning stages of this project.
Review another classmate’s post and consider their sets A and B. Address the following items completely.

  Create a Venn diagram that models all of the elements in your classmate’s sets A and B. Carefully place elements appropriately in the intersecting versus non-intersecting areas representing sets A and B, respectively. You may use the software of your choice for the Venn diagram (e.g., creatly.com, cosketch.com, Microsoft® Word®, or PowerPoint®). Copy and paste the image or screenshot of your Venn diagram into your post. (You may also use an attached file if needed.)
  Draft some talking points in anticipation of addressing the following questions during your presentation:
    
      How do these two sets relate in the example illustrated by the Venn diagram?
      How have the concepts of sets and set operations been utilized in your analytic tasks?
      How might table relationships be modeled from the ideas of set theory?",Homework Answsers
db7,"Initial post + 2 responses to classmates (see attached)
Graphs for Modeling Real-World Situations
Post 1: Initial Response
Imagine a real-world situation that involves relationships that can be modeled with a graph. A graph consists of a discrete number of vertices and the edges that connect them. When brainstorming the situation you would like to model with a graph, review the examples that have been presented in your unit readings and homework exercises for ideas.

  Consider a situation in your personal or professional world that involves relationships that can be modeled with a graph. Describe this situation in at least one well-composed paragraph, sharing:
    
      A brief description of the situation modeled,
      What each vertex represents, and
      What each edge represents.
    
  
  Draw a connected graph using a drawing program of your choice and include it in your post. The following must be present in your graph:
    
      5–10 vertices, each clearly labeled with a single capital letter (A, B, C, D, E …)
      At least 2 vertices of degree 3 or more (the degree of a vertex is the count of how many edges are attached to that vertex).
      At least 1 circuit.
    
  

View Unit 7 Discussion Post 1 example.
Post 2: Reply to a Classmate
Review a classmate's post and consider their real-world context. Address all of the following items. For all references used, please cite them in APA format. No explanations may be taken directly word for word from another source.

  In your own words, explain to your classmate what is required for a trail or circuit to be a Euler trail or circuit.
  Does a Euler trail exist for their graph? Explain specifically using the label and degree of each vertex.
  Does a Euler circuit exist for their graph? Explain specifically using the label and degree of each vertex.

View Unit 7 Discussion Post 2 example.
Post 3: Reply to Another Classmate
Review a different classmate's post and consider their real-world context. Address all of the following items. For all references used, please cite them in APA format. No explanations may be taken directly word for word from another source.

  In your own words, explain to your classmate what is required for a walk to be a Hamiltonian path or cycle.
  Identify one sequence of vertices that makes either a Hamiltonian path or a Hamiltonian cycle.
  Based on the context of your classmate's situation modeled by the graph, think about whether it would be most practical to seek a Euler trail or circuit versus a Hamiltonian path or cycle. Which one do you think would be more useful in your classmate's situation and why?",Homework Answsers
Problem Set # 1 Math Questions,,Homework Answsers
What is the indian economy,what is the indian economy,Homework Answsers
Takingaquiz,"I have list of discrete math questions.
it probably has about 20 questions.
I need it completed in 1 hours.",Homework Answsers
Mathematics for Liberal Arts,Mathematics for Liberal Arts,Homework Answsers
Mathematics for Liberal Arts,Mathematics for Liberal Arts,Homework Answsers
Course question,"For each investment class in Table 3, assume that future returns are normally distributed with the population mean and standard deviation as given. Based on this assumption:

  For each investment class, find the probability of a return that is less than zero (that is, find the probability of a loss). Is your answer reasonable for all investment classes? Explain. 
  For each investment class, find the probability of a return that is: 
    
      Greater than 5%.
      Greater than 10%. 
      Greater than 20%. 
      Greater than 50%. 
    
  
  For which investment classes is the probability of the return greater than 50% is essentially zero? For which investment classes is the probability of such a return greater than 1 percent? Greater than 5%? 
  For which investment classes is the probability of loss essentially zero? 
  For which investment classes is the probability of loss greater than 1%? Greater than 10%? Greater than 20%?",Homework Answsers
db8,"I need a initial post and 2 responses to classmates.
I'll add my unit 7 discussion post and also 2 classmates posts.

Trees for Modeling Real-World Situations
In this discussion, you will continue considering the real-world contexts presented by you and your classmates in the Unit 7 Discussion Board.
Post 1: Initial Response
Using your graph from the Unit 7 Discussion, start this discussion by addressing the following to explore the modeling of your context even further:

  Update your Unit 7 Discussion graph by adding a weight to each of your edges. Present your updated graph with all weighted edges.
  Based on the real-world context of your graph, briefly explain what these weights represent.
  Present a second illustration where you have identified a spanning tree and its total weight within your weighted graph. Describe how you know this subgraph meets the requirements of a spanning tree.

View Unit 8 Discussion Post 1 example.
Post 2: Reply to a Classmate
Review a classmate’s graph and address all of the following items completely.

  Apply either Prim’s algorithm or Kruskal’s algorithm (not presented in the text so you would need to look this up elsewhere) to find a minimum spanning tree for your classmate’s weighted graph. Explain the steps taken and present the minimum spanning tree with a visual.
  In the context of your classmate’s real-world context:
    
      What is the total weight of this spanning tree?
      What is the difference between your minimum spanning tree and your classmate’s spanning tree (from their initial response)?
      How can you interpret the total weight for this spanning tree within the real-world context?
    
  

View Unit 8 Discussion Post 2 example.
Post 3: Reply to Another Classmate
Review a different classmate’s graph and address all of the following items completely.

  Suppose your objective has been updated from spanning the graph. Now you only need to find an efficient path between any two vertices on your classmate’s weighted graph. Write your own step-by-step process (i.e., in pseudocode or a list of steps) which you propose will find the shortest path between any two vertices. Provide enough detail about the steps so that someone else would be able to apply your idea.
  Select a starting and ending vertex (which are not adjacent vertices) on your classmate’s weighted graph. Apply your algorithm and present the path with a visual.
  In the context of your classmate’s real-world context:
    
      What is the total weight of your proposed shortest path?
      How could the shortest path be useful to your classmate, given the real-world context?
      What steps could you take to test whether or not your algorithm works for determining the shortest paths in all graphs (e.g., for graphs other than this one and for different starting/ending vertices)?",Homework Answsers
math,due 2022/10/04,Homework Answsers
Mathematics for Liberal Arts,Mathematics for Liberal Arts,Homework Answsers
science,due 10/5 11.00AM,Homework Answsers
Mathematics for Liberal Arts,math mid review,Homework Answsers
Mathematical Modeling,Help with Homework,Homework Answsers
Case Study of Physician Practice Management/Relative Value Unit Analysis,"This assignment will be submitted to Turnitin™.Instructions
Assessment #6: Case Study of Physician Practice Management and Relative Value Unit Analysis (15%) DUE-Sunday at Midnight
In this assessment, you will evaluate the physicians’ practice financial condition based on the following Relative Value Unit (RVU) calculations and analysis:

  Average and Marginal Costs per RVU,
  Total Average Cost,
  Total Marginal Cost per CPT code, and
  Analyzing the information to assist the physicians in using these costs appropriately and making informed decisions.

You will be graded based on your understanding of the calculations, the accuracy of your calculations, the validity of your conclusions and your ability to clearly communicate your analysis. To complete this assignment, follow these steps:

  Review the article How Managerial Accountants Make Physician's Practices More Profitable
  From this financial information, calculate the three RVU calculations:
  Average and Marginal Costs per RVU,
  Total Average Cost, and 
  Total Marginal cost per CPT code.  
  In proper APA format, write a 3-5 page paper (include a cover and reference page not included in page count). For each RVU calculation, in a paragraph:
    
      Calculate the costs,
      Show your calculations, and
      Write a conclusion about the physician practice’s financial condition and discuss how you can assist the physicians in using these costs in making informed decisions.
    
  

*Please use headings for each paragraph and category to decipher the discussion and organize the paragraphs.
**Please post your assignment as a Microsoft Word document.
Use the following assumptions:
Assume that during the FY2016 year, Lovely Life LLC historical costs were $750,000 when 11,000 RVUs were produced and $950,000 when 14,000 RVUs were produced.  The contract specifies that the number of RVUs per service CPT code are five (5).
High Total Fixed Costs
$950,000
#RVUs high point
14,000
Low Total Fixed Costs
$750,000
#RVUs low point
11,000
#RVUs per CPT
5
Projected #RVUs for the coming month
10,000",Homework Answsers
Graph Theory Part 2,"11.  Does each of these graphs have an Euler circuit? If so, find it.
12.  Does each of these graphs have an Euler circuit? If so, find it. 
13.  Eulerize this graph using as few edge duplications as possible. Then, find an Euler circuit. 
17.  Does each of these graphs have at least one Hamiltonian circuit? If so, find one. 
19.  A company needs to deliver product to each of their 5 stores around the Dallas, TX area. Driving distances between the stores are shown below. Find a route for the driver to follow, returning to the distribution center in Fort Worth: 
a. Using Nearest Neighbor starting in Fort Worth 
b. Using Repeated Nearest Neighbor 
c. Using Sorted Edges 
21. When installing fiber optics, some companies will install a sonet ring; a full loop of cable connecting multiple locations. This is used so that if any part of the cable is damaged it does not interrupt service, since there is a second connection to the hub. A company has 5 buildings. Costs (in thousands of dollars) to lay cables between pairs of buildings are shown below. Find the circuit that will minimize cost: 
a. Using Nearest Neighbor starting at building A 
b. Using Repeated Nearest Neighbor 
c. Using Sorted Edges 
23.  Find a minimum cost spanning tree for the graph you created in problem #3",Homework Answsers
for anyone,"Assess the Joshua and Leah problem-solving strategies given below and respond to the following. What new information would complicate the answer in the initial post? What would change the dynamics of this problem? 
 Joshua post
For this week's discussion, I decided to choose option 1, hanging lights around a window for a party, as I am doing something similar myself and working out the math I think would be beneficial. The first thing that I need to do is measure the windows that I would be hanging lights around, let's say there are four windows of two different sizes. As the windows are squares I just need to find the perimeter that the lights will be hanging around so I just have to measure the length and width of each window to figure that out. The first size has a length of 4 feet and a height of 4.5 feet. Multiplying those together each window has a perimeter of 18 feet so we will already need at least 2 strands of lights. The next set of windows has a length of 1.75 feet and a height of 6 feet. We then do the same thing to find out that these windows have a perimeter of 10.5 feet. Adding all of these perimeters together we end up with 18+18+10.5+10.5= 57 feet. With just the perimeter in mind, it looks like I would want to only buy three strands of lights, however, as the windows are not directly next to each other I would want an extra strand overall so that each window will have a strand of lights around it. With this, I would want to buy 4 strands of lights (and maybe a fifth because I always worry that lights are going to go out).

Leah post
 
The problem I have chosen is the third option. I am updating my living room floor with a newer, more durable wood laminate. The cost is $1.50 per square foot. To find the cost of my new floor, I must find the area of my living room, in feet, and multiply the area by the price of each square foot, $1.50. To find the area of my living room, I must multiply the length by the width. If the length of my living room is 23 feet and the width of my living room is 24 feet, the area of the living room is 552 square feet. Then I multiply the area, 552 square feet, by $1.50 for each square foot, the price of my new wood laminate flooring will be $828.",Homework Answsers
math,due 2022/10/11,Homework Answsers
homework,i need help to analyze an art picture,Homework Answsers
Health Care Financial Concepts Paper Requirements,"Assessment #2: Health Care Financial Concepts Paper Requirements
Target: 

  assess health care policies and regulations and employ best practices to ensure compliance with local, state, and federal laws and to identify opportunities for improved performance

From the list of financial concepts, pick only 1-2 financial concepts to discuss.
Search for a healthcare finance related article on the concepts.
In a 3-5 page paper, describe how you can apply the selected financial concepts from the article to your current health care organization or a health care organization of your choice.  
Some examples of financial concepts are:

  Revenues or revenue cycle
  Fixed and variable costs
  GAAP
  Contribution margin
  Breakeven Analysis
  Capitation
  Income statements
  Balance sheets
  Cost value analysis
  Cost allocation methods
  Auditing process
  General knowledge of health care laws and regulations
  Time value of money
  Financial statement analysis
  Cost of capital
  Financial risk
  Insurance and risk
  Ratio analysis
  Analytics
  Budgeting (operational and capital)
  Forecasting
  Lease financing
  Cost control
  Benchmarks
  HIPAA privacy act
  Affordable Care Act (ACA)
  JCAHO
  ICD-10
  Profit vs. non-profit
  Best practices
  Compliance

Be sure to include the following:

  Provide a summary of the article (must be healthcare related). Articles should be within the last 5-10 years for current articles.
  Provide an explanation of the financial concept(s) found in the article.
  Provide an example of how you can apply these financial concept(s) to your current health care organization or to the health care organization of your choice (i.e. John Hopkins Hospital, Mayo Clinic)*.
  Include the source of the article in the paper and include another source above the current article (a minimum of 2 sources are required)",Homework Answsers
Scheduling,"1. Create a digraph for the following set of tasks: 
3. Using the priority list T4, T1, T7, T3, T6, T2, T5, schedule the project with two processors. 
5. Using the priority list T4, T3, T9, T10, T8, T5, T6, T1, T7, T2 schedule the project with two processors. 
7. Using the priority list T4, T3, T9, T10, T8, T5, T6, T1, T7, T2 schedule the project with three processors. 
9. Use the decreasing time algorithm to create a priority list for the digraph from #3, and schedule with two processors. 
10. Use the decreasing time algorithm to create a priority list for the digraph from #3, and schedule with three processors. 
15. With the digraph from #3: a. Apply the backflow algorithm to find the critical time for each task b. Find the critical path for the project and the minimum completion time c. Use the critical path algorithm to create a priority list and schedule on two processors.",Homework Answsers
calculus,description here,Homework Answsers
Continuity and differentiability,"27. Let f / R -&gt; R be a function defined by f(x) = (sin 3x)/(7x) + a if x &gt; 0 = x + 3 - b ,-if x&lt;=0 where a, b in R f is continuous at x = 0 The value of a + b is",Homework Answsers
math assistant,math assistant,Homework Answsers
Scheduling Exercise,"Questions 1, 2, 3, 4, 5, 6, 7, 8, 9, 10, 11",Homework Answsers
For anyone,"Respond to the following in a minimum of 175 words: 

  This week we began to examine relationships between quantities. Some ways we can compare quantities are by using percentages, ratios, rates, and unit labels. In your life, there are likely many situations that require you to compare quantities, understand the meaning of those comparisons, and make decisions based on those comparisons. What is an example of a situation from your professional or personal life that requires you to compare, understand, and make decisions based on quantitative comparison? Be sure to describe the types of quantitative comparisons you had to make, what decisions you made, and why. Would your decision be different if you had the benefit of learning this week’s concepts? Why or why not?


RESPOND TO AUDREY AND BRANDON BE CONSTRUCTIVE AND PROFESSIONAL.
Audrey post
In the fall I will start a new position as a testing coordinator for an elementary school. In this role I will be responsible for testing kids on quarterly tests and a yearly state test. I will have to read data comparing the number of students with the best test outcomes to the students with the worst scores and in between. It is important that I master the concepts of week 2 as I will be using percentages and ratios on a daily basis in this new role and will need to have accurate data on each student.

Brandon post
 
At my current job we focus on rates, rates to my job dictate how well our building is performing to other locations and how well each individual employee is performing against their peers as well. Day to day I would have to track the previous weeks rates for a group of individuals and compare to the week to date rates. By comparing these metrics I can track if those employees a moving in a positive or negative way for the current week. Understanding the comparison I can prepare a way to help those employees but also bridge to my boss what the miss was on the rates for the current week vs the previous week if we fell short on our goal. However, some barriers my interrupt the employees ability to work because of this I have to find the percentage of employees affected by those barriers and compare that percentage to the percentage unaffected and determine if the rates created were on spot or was it off due to the amount to employees affected by operational barriers.",Homework Answsers
calculus questions,.. calculus,Homework Answsers
Script,Directions on first two screenshots. Third screenshot is the context and beginning of the script. Fourth screenshot are the strategies you will identify in the script. Last is the template.,Homework Answsers
regression analysis problem,problem 3.2 3.3,Homework Answsers
Math hw deadline Saturday,"here are 3 assignments that I will need by  Saturday if possible. 
Let me know about your quote.",Homework Answsers
Assignemnt!!deadline soon,check attchemnt,Homework Answsers
19 math Questions 20 bucks,i have 19 simple math problems that need to be done by today at 11:59pm,Homework Answsers
CM 7,"Assignment Instructions
Gather and Analyze Data
You have been charged with creating a survey for your community! The community is interested in having you create a survey and present the results at the next town hall meeting. 
 In this project, students will:
 Learn about quantitative variables.

  Learn to analyze data for measures of central tendency (mean, median and mode)
  Learn to create an effective presentation with real-world conclusions. 

 To complete this project you will:
 Think of a problem within your community or workplace. The problem needs to be something others will have an interest in solving or will want to share reactions to.

  Create a 10 question survey with quantitative variables (number) on a topic you are interested in. Think of questions where 0 is dislike there is a scale to 4- like. Another way to do this is using 0-never, 1 sometimes, 2 frequently, and 3 always.
  Administer the survey to a minimum of 10 people.
  Analyze your data for the mean, median, and mode of each questions.
  Create a visual from this chapter: bar graph, box and whisker plot, histogram, stem and leaf plot. etc.
  Compile the information into a slide presentation, of at least 5 slides,  to present at the next town hall. The presentation should present: the mean, median, and mode of each question, the visual of the data, and conclusions based on the statistics you found in the survey.

Length/Formatting Instructions
Length2-2.5 pagesFont12 point , Calibri Font, no more than 1"" marginsProgram/File TypeSubmit in WordAttachmentsShould be pasted into the Word document if possible.Referencing systemAPA referencing system is necessary in assignments, especially material copied from the Internet.
For examples of correct citations, visit the following links:
http://owl.english.purdue.edu/owl/resource/560/01/
File Name",Homework Answsers
Pythagoras,All questions,Homework Answsers
We need to equate the total payments,"We need to equate the total payments to the total obligations due at the end of year three. Debts The values of the R780 and R7 000 debts must be moved to the end of year three. For the R780 debt The future value is = P (1 + R) T S = 780 (1 + 0.11) 1 S = 865.80 For the R7 000 debt The value of the R7 000 debt at the end of year three is = P (1 + R) -T S = 7000 (1 + 0.11) -1 S = R6 306.31 Payments There are two payments, namely R1 300 at the end of year one and R x at the end of year three. For the R1 300 payment The future value isS = P (1 + R) T S = 1300 (1 + 0.11) 2 S = R1 601.73Total payments = Total obligations1601.73 + x = 865.80 + 6306.611601.73 + x = 7172.11 x = 7172.11 – 1601.73x = R5 570.38",Homework Answsers
Question,"Over the past decade, ABC Manufacturing has increased the number of safety inspections per month in hopes to decrease the number accidents on their production line.  Below is a list of how many inspections were conducted in a month and the corresponding number of accidents recorded.  Is there a correlation, and has this leadership decision been effective?
Inspections   Accidents
20                   181
24                  190
28                   167
40                    160
60                    120
64                  124
64                      118
68                    90
70                    94
72                     85",Homework Answsers
math,"1.2    
7-59  eoo",Homework Answsers
"HW Section 1.1, 1.2, 2.2, 2.3",I need help with homework.,Homework Answsers
functions,help me get the answer,Homework Answsers
"Lagrange, branch and cut, simplex method",Please only if you are familiar with the topics above,Homework Answsers
MATH,I need help with some math problems.,Homework Answsers
Help Me!,"Activity: Capital Budgeting Practice
Complete the following and submit it in a Word document. Be sure to show your process and calculations:

    
      Assume you have just retired as the CEO of a successful company. A major publisher has offered you a book deal. The publisher will pay you $1 million up front if you agree to write a book about your experiences. You estimate that it will take three years to write the book. The time you spend writing will cause you to give up speaking engagements amounting to $500,000 per year. You estimate your opportunity cost to be 10%.
        
          Should you accept this deal? Plot a diagram that measures NPV (on the y-axis) vs. discount rate (on the x-axis) to solve this problem. (Hint: Have your scale on the x-axis go to 50% (discount rate)).
          Determine the IRR for this deal. (Hint: IRR is the point at which NPV = 0)
        
      
      Suppose you inform the publisher that it needs to sweeten the deal before you will accept it. The publisher offers $550,000 advance and $1,000,000 in four years when the book is published.
        
          Should you accept or reject the new offer?  Again, plot a diagram that measures NVP (on the y-axis) vs. discount rate (on the x-axis) to solve this problem.  (Hint: Have your scale on the x-axis go to 50% (discount rate)).
          Determine the IRRs for this deal (Hint: There are two IRRs for this problem).
          Discuss if the IRR rule for making budgetary decisions can be used in this case.
        
      
      Finally, you are able to get the publisher to increase your advance to $750,000, in addition to the $1 million when the book is published in four years.
        
          Should you accept or reject this new offer?  Again, plot a diagram that measures NVP (on the y-axis) vs. discount rate (on the x-axis) to solve this problem. (Hint: Have your scale on the x-axis go to 50% (discount rate)).
          Determine the IRR for this deal.
        
      
      State three conclusions regarding the use of IRR vs. NPV that you can make from questions 2–4. Which is the stronger method to use (IRR or NPV), and why?",Homework Answsers
um,"I need help: John's mother gave him some money to buy some brushes. If he bought 7 brushes, he would need $2 more. If he bought 10 brushes, he would need $26 more. How much did John have?",Homework Answsers
I need help with math,Solve 5 problems in 6 hours,Homework Answsers
Income,How can I earn extra income by helping people with their homework and assignments,Homework Answsers
PERSONAL FINANCIAL LITERACY,"PERSONAL FINANCIAL LITERACY : A TIME TO SPEND, A TIME TO SAVE : 02.04 : INTEREST RATES AND INFLATION
Put Your Money Where Your Mouth Is
For your assignment, you will compare savings options and make a recommendation as to which option would earn the most interest after taxes and inflation. 
Part One—Select Two Savings Options
Select one savings option from the Simple Interest column and one from the Compound Interest column to compare: 
Simple InterestCompound InterestOption A—earns 2.5% simple interest per yearOption D—earns 2% compound interest per yearOption B—earns 3% simple interest per yearOption E—earns 2.5% compound interest per yearOption C—earns 3.5% simple interest per yearOption F—earns 3% compound interest per year
Part Two—Crunch the Numbers
Calculate the after-tax real rate of return earned on $5,000 by your selected savings options over a period of three years. This will help your comparison. Remember, the real rate of return includes taxes on the interest earned and inflation. For this assignment, use a tax rate of 10% and an average cumulative rate of 3%.
You will submit your calculations as part of your assignment. Need help? Check out the steps to calculate the after-tax real rate of return:
Step 1: Calculate the interest earned
Step 2: Calculate the taxes on the interest earned
Step 3: Calculate the inflation on the interest earned
Step 4: Find the after-tax real rate of return
Part Three—Make Your Recommendation 
Compile your calculations and make a recommendation. Of the savings options that you chose, which would you recommend a depositor use? Use complete sentences to explain why one option would be more beneficial than the other based on the after-tax rate of return.
What to Submit
Submit your selected savings options, calculations, and recommendation to 02.04 Interest Rates and Inflation.

ASSESSMENT

  Complete the reading and activities.
  Review the rubric before completing and submitting this activity.
  Complete parts one, two, and three. 
  Submit your work to 02.04 Interest Rates and Inflation.

Rubric",Homework Answsers
"Homework 3.3 3.4, and 3.5",I need help with homework.,Homework Answsers
Mathematics,Factorize (x-2)(x+5),Homework Answsers
math,"1.5    1-4, 13，17，21，25，29，33，，37，41，45，49，53，57，61, 75
1.6    1, 5,9,13,17,21,25,29,33,43, 51
2.1   17,21,25,29,33,37,41,45
2.2   1, 5,9,13,17,21,25,29,33,37,41,45,49,53,57,61,65,75,79


Need process with hand writing",Homework Answsers
Mat unit 3,200 words,Homework Answsers
Math Problem,"Hello, I was wondering if someone can assist me with the project due by 07/09. Thank you.",Homework Answsers
discussion,"Data Collection Practice
A maker of energy drinks is considering abandoning can containers and going exclusively to bottles because the sales manager believes customers prefer drinking from bottles. However, the vice president in charge of marketing is not convinced the sales manager is correct. Investigate this issue using statistical analysis.

  Explain which data collection method you would use and what procedures you would follow to apply this method to this situation.
  Propose which level of data measurement applies to the data collected. Justify your answer.
  Determine whether the data is qualitative or quantitative.
  Submit your work in a Word document.",Homework Answsers
pick article,due in 24 hours,Homework Answsers
